config,q_deg,x_m,y_m,z_m,roll_deg,pitch_deg,yaw_deg,mujoco_pos_err_m,pinocchio_pos_err_m
home,"0.00,0.00,0.00,0.00,0.00,0.00",-0.817200,-0.367900,0.062800,90.000,-0.000,0.000,,
ready,"0.00,-72.00,94.74,-112.50,90.00,0.00",-0.593723,-0.133300,0.649300,0.237,-0.000,-90.000,,
reach_left,"45.84,-68.75,97.40,-74.48,68.75,-22.92",-0.346451,-0.670064,0.457979,38.951,30.713,-47.285,,
reach_right,"-40.11,-51.57,80.21,-103.13,-68.75,28.65",-0.634687,0.249159,0.070025,155.878,10.263,16.119,,
over_table,"11.46,-85.94,63.03,-57.30,89.95,0.00",-0.492354,-0.236007,0.953406,9.786,0.045,-78.533,,
inspection,"68.75,-57.30,74.48,-91.67,34.38,68.75",0.038078,-0.804269,0.505190,57.011,2.226,56.940,,
