step,q,collision,limit_margin,collision_score
0,"0.000000,-1.319437,1.688369,-1.881055,1.497364,0.000000",False,0.350310,-0.131897
1,"0.062800,-1.332714,1.667841,-1.867760,1.445123,0.076756",False,0.351368,-0.132087
2,"0.000000,-1.328674,1.677954,-1.871786,1.407216,0.001353",False,0.351048,-0.132031
